,Bin,R1,R2
0,P2,"0.67719,0.96591","0.678,0.96153"
1,P3,"0.3596,0.67719","0.35965,0.678"
2,P4,"0.04712,0.3596","0.04738,0.35965"
3,P5,"-0.26674,0.04712","-0.26663,0.04738"
4,P6,"-0.57705,-0.26674","-0.57743,-0.26663"
5,P7,"-0.89009,-0.57705","-0.88981,-0.57743"
6,P8,"-1.21112,-0.89009","-1.21071,-0.88981"
7,P9,"-1.84672,-1.21112","-1.86489,-1.21071"
