,Lib_0A,Lib_0B,Lib_1A,Lib_1B,Lib_2A,Lib_2B,Lib_3A,Lib_3B,Lib_5A,Lib_5B,Lib_8A,Lib_8B
Bin1,"0.67396,0.92539","0.67456,0.93268","0.67715,0.96117","0.67643,0.95528","0.67719,0.96591","0.678,0.96153","0.67781,0.96633","0.67791,0.96665","0.67487,0.9585","0.67561,0.95622","0.67373,0.95597","0.67577,0.95542"
Bin2,"0.36067,0.67396","0.36212,0.67456","0.36083,0.67715","0.36088,0.67643","0.3596,0.67719","0.35965,0.678","0.36016,0.67781","0.3595,0.67791","0.35706,0.67487","0.35682,0.67561","0.35631,0.67373","0.35758,0.67577"
Bin3,"0.04855,0.36067","0.04969,0.36212","0.04782,0.36083","0.04793,0.36088","0.04712,0.3596","0.04738,0.35965","0.04747,0.36016","0.0468,0.3595","0.04395,0.35706","0.04472,0.35682","0.04362,0.35631","0.04428,0.35758"
Bin4,"-0.26611,0.04855","-0.26546,0.04969","-0.2673,0.04782","-0.26701,0.04793","-0.26674,0.04712","-0.26663,0.04738","-0.26578,0.04747","-0.26619,0.0468","-0.26715,0.04395","-0.26714,0.04472","-0.26748,0.04362","-0.26682,0.04428"
Bin5,"-0.57916,-0.26611","-0.57726,-0.26546","-0.57833,-0.2673","-0.57769,-0.26701","-0.57705,-0.26674","-0.57743,-0.26663","-0.57684,-0.26578","-0.57709,-0.26619","-0.57855,-0.26715","-0.57836,-0.26714","-0.57893,-0.26748","-0.57841,-0.26682"
Bin6,"-0.89001,-0.57916","-0.88952,-0.57726","-0.89008,-0.57833","-0.88959,-0.57769","-0.89009,-0.57705","-0.88981,-0.57743","-0.89032,-0.57684","-0.89047,-0.57709","-0.89324,-0.57855","-0.89282,-0.57836","-0.89376,-0.57893","-0.89298,-0.57841"
Bin7,"-1.20973,-0.89001","-1.20909,-0.88952","-1.21064,-0.89008","-1.21028,-0.88959","-1.21112,-0.89009","-1.21071,-0.88981","-1.2102,-0.89032","-1.21146,-0.89047","-1.21387,-0.89324","-1.21301,-0.89282","-1.21438,-0.89376","-1.21321,-0.89298"
Bin8,"-1.78343,-1.20973","-1.76935,-1.20909","-1.8087,-1.21064","-1.79785,-1.21028","-1.84672,-1.21112","-1.86489,-1.21071","-1.85822,-1.2102","-1.86234,-1.21146","-1.89074,-1.21387","-1.88052,-1.21301","-1.89664,-1.21438","-1.88219,-1.21321"
